"Eldon Base for stackable storage shelf, platinum",Muhammed MacIntyre,3,-213.25,38.94,35,Nunavut,Storage & Organization,0.8
Safco Contoured Stacking Chairs,Filia McAdams,29319,1151.69,238.4,24.49,Prince Edward Island,Chairs & Chairmats,
Canon PC-428 Personal Copier,Filia McAdams,29319,983.55,199.99,24.49,Prince Edward Island,Copiers and Fax,0.46
Staples Standard Envelopes,Greg Guthrie,29382,78.96,5.68,1.39,Prince Edward Island,Envelopes,0.38
12-1/2 Diameter Round Wall Clock,Greg Guthrie,29382,35.09,19.98,10.49,Prince Edward Island,Office Furnishings,0.49
Lexmark Z55se Color Inkjet Printer,Harold Engle,29445,415.55,90.97,28,Prince Edward Island,Office Machines,0.38
Binder Clips by OIC,Philip Brown,29762,0.78,1.48,0.7,Prince Edward Island,Rubber Bands,0.37
Avanti 4.4 Cu. Ft. Refrigerator,Helen Abelman,30048,433.63,180.98,55.24,Prince Edward Island,Appliances,0.57
"Fellowes Smart Surge Ten-Outlet Protector, Platinum",Hilary Holden,30243,650.56,60.22,3.5,Prince Edward Island,Appliances,0.57
Canon PC-428 Personal Copier,Hilary Holden,30243,340.88,199.99,24.49,Prince Edward Island,Copiers and Fax,0.46
Aluminum Document Frame,Christopher Schild,30372,-7.39,12.22,2.85,Prince Edward Island,Office Furnishings,0.55
Wausau Papers Astrobrights� Colored Envelopes,Carlos Soltero,30499,5.66,5.98,2.5,Prince Edward Island,Envelopes,0.36
Newell 312,Carlos Soltero,30499,42.34,5.84,1.2,Prince Edward Island,Pens & Art Supplies,0.55
"Pressboard Covers with Storage Hooks, 9 1/2"" x 11"", Light Blue",Erica Bern,32199,-99.76,4.91,4.97,Prince Edward Island,Binders and Binder Accessories,0.38
Canon imageCLASS 2200 Advanced Copier,Erica Bern,32199,-3061.82,3499.99,24.49,Prince Edward Island,Copiers and Fax,0.37
Newell 312,Erica Bern,32199,-0.01,5.84,1.2,Prince Edward Island,Pens & Art Supplies,0.55
"Chromcraft Bull-Nose Wood 48"" x 96"" Rectangular Conference Tables",Erica Bern,32327,-1430.45,550.98,147.12,Prince Edward Island,Tables,0.8
"Verbatim DVD-RAM, 9.4GB, Rewritable, Type 1, DS, DataLife Plus",Joy Smith,32676,523.43,45.19,1.99,Prince Edward Island,Computer Peripherals,0.55
KF 788,Joy Smith,32835,-19.44,45.99,4.99,Prince Edward Island,Telephones and Communication,0.56
"Imation Neon Mac Format Diskettes, 10/Pack",Christopher Schild,32869,-82.83,8.12,2.83,Prince Edward Island,Computer Peripherals,0.77
"Deflect-o EconoMat Nonstudded, No Bevel Mat",Christopher Schild,32869,25.04,51.65,18.45,Prince Edward Island,Office Furnishings,0.65
Sanford Liquid Accent Highlighters,Christopher Schild,32869,-7.51,6.68,1.5,Prince Edward Island,Pens & Art Supplies,0.48
2180,Christopher Schild,32869,930.99,175.99,8.99,Prince Edward Island,Telephones and Communication,0.57
Sharp AL-1530CS Digital Copier,Evan Minnotte,33763,-234.79,499.99,24.49,Prince Edward Island,Copiers and Fax,0.36
"Executive Impressions 14"" Contract Wall Clock",Christopher Schild,34048,-10.74,22.23,3.63,Prince Edward Island,Office Furnishings,0.52
*Staples* Highlighting Markers,Greg Guthrie,34275,26.66,4.84,0.71,Prince Edward Island,Pens & Art Supplies,0.52
Boston 19500 Mighty Mite Electric Pencil Sharpener,Harold Engle,34438,-30.72,20.15,8.99,Prince Edward Island,Pens & Art Supplies,0.58
Xerox 1995,Philip Brown,34880,-62.43,6.48,5.19,Prince Edward Island,Paper,0.37
Self-Adhesive Ring Binder Labels,Carlos Soltero,34978,-269.91,3.52,6.83,Prince Edward Island,Binders and Binder Accessories,0.38
Catalog Binders with Expanding Posts,Jennifer Braxton,35141,469.28,67.28,19.99,Prince Edward Island,Binders and Binder Accessories,0.4
*Staples* Packaging Labels,Dan Reichenbach,35300,7.15,2.89,0.49,Prince Edward Island,Labels,0.38
"Deflect-o EconoMat Studded, No Bevel Mat for Low Pile Carpeting",Dan Reichenbach,35300,126.03,41.32,8.66,Prince Edward Island,Office Furnishings,0.76
"Recycled Desk Saver Line ""While You Were Out"" Book, 5 1/2"" X 4""",Dan Reichenbach,35300,29.62,8.95,2.01,Prince Edward Island,Paper,0.39
9-3/4 Diameter Round Wall Clock,Carlos Soltero,35558,-22.12,13.79,8.78,Prince Edward Island,Office Furnishings,0.43
Logitech Cordless Elite Duo,Carlos Soltero,36293,250.47,100.98,7.18,Prince Edward Island,Computer Peripherals,0.4
Xerox 220,Carlos Soltero,36293,-94.79,6.48,7.49,Prince Edward Island,Paper,0.37
Logitech Cordless Elite Duo,Giulietta Baptist,36516,51.3,100.98,7.18,Prince Edward Island,Computer Peripherals,0.4
Canon Image Class D660 Copier,Jack Lebron,36677,-734.33,599.99,24.49,Prince Edward Island,Copiers and Fax,0.44
12 Colored Short Pencils,Guy Armstrong,37185,-13.27,2.6,2.4,Prince Edward Island,Pens & Art Supplies,0.58
Avery Legal 4-Ring Binder,Hilary Holden,37888,274.9,20.98,1.49,Prince Edward Island,Binders and Binder Accessories,0.35
Hoover� Commercial Lightweight Upright Vacuum,Jack Lebron,38310,-141.76,3.48,49,Prince Edward Island,Appliances,0.59
