"Eldon Base for stackable storage shelf, platinum",Muhammed MacIntyre,3,-213.25,38.94,35,Nunavut,Storage & Organization,0.8
Acco Perma� 3000 Stacking Storage Drawers,Charles Crestani,8001,112.22,20.98,5.42,Yukon,Storage & Organization,0.66
Bevis Steel Folding Chairs,Maureen Gastineau,8101,-1216.64,95.95,74.35,Yukon,Chairs & Chairmats,0.57
Panasonic KP-350BK Electric Pencil Sharpener with Auto Stop,Maureen Gastineau,8101,-9.32,34.58,8.99,Yukon,Pens & Art Supplies,0.56
Avery 494,Giulietta Dortch,8161,39.19,2.61,0.5,Yukon,Labels,0.39
Xerox 23,Karl Brown,8320,-28.45,6.48,5.14,Yukon,Paper,0.37
Hewlett-Packard Deskjet 5550 Color Inkjet Printer,Jennifer Patt,8325,-220.05,115.99,56.14,Yukon,Office Machines,0.4
Newell 336,Jennifer Patt,8325,13.92,4.28,0.94,Yukon,Pens & Art Supplies,0.56
Boston 16765 Mini Stand Up Battery Pencil Sharpener,Cynthia Voltz,8576,-164.25,11.66,8.99,Yukon,Pens & Art Supplies,0.59
Deflect-o DuraMat Antistatic Studded Beveled Mat for Medium Pile Carpeting,David Kendrick,8582,436.02,105.34,24.49,Yukon,Office Furnishings,0.61
"Executive Impressions 12"" Wall Clock",Giulietta Dortch,8832,8.65,17.67,8.99,Yukon,Office Furnishings,0.47
Canon F603 Scientific Calculator,Barry Pond,8901,-16.19,9.99,6.24,Yukon,Office Machines,0.36
Hammermill Color Copier Paper (28Lb. and 96 Bright),Tony Molinari,8930,-92.32,9.99,11.59,Yukon,Paper,0.4
Xerox 194,Julia Barnett,8999,590.35,55.48,14.3,Yukon,Paper,0.37
Nu-Dell Leatherette Frames,Adam Hart,9091,129.33,14.34,5,Yukon,Office Furnishings,0.49
Xerox 1979,Adam Hart,9091,489.14,30.98,8.74,Yukon,Paper,0.4
Tennsco Regal Shelving Units,Jeremy Pistek,9092,-457.73,101.41,35,Yukon,Storage & Organization,0.82
T60,Jeremy Pistek,9092,-268.66,95.99,4.9,Yukon,Telephones and Communication,0.56
"Imation Neon Mac Format Diskettes, 10/Pack",Cyra Reiten,9093,-99.02,8.12,2.83,Yukon,Computer Peripherals,0.77
"Global Leather Task Chair, Black",Giulietta Dortch,9251,-400.33,89.99,42,Yukon,Chairs & Chairmats,0.66
Safco Industrial Wire Shelving,Christy Brittain,9344,-505.69,95.99,35,Yukon,Storage & Organization,
SC7868i,Christy Brittain,9344,900.41,125.99,8.99,Yukon,Telephones and Communication,0.55
"Fellowes Premier Superior Surge Suppressor, 10-Outlet, With Phone and Remote",Thomas Thornton,9824,540.67,48.92,4.5,Yukon,Appliances,0.59
Avery 506,Thomas Thornton,9824,2.75,4.13,0.5,Yukon,Labels,0.39
"Sanford Colorific Colored Pencils, 12/Box",Thomas Thornton,9824,-1.49,2.88,1.01,Yukon,Pens & Art Supplies,0.55
Zebra Zazzle Fluorescent Highlighters,Dan Campbell,10052,19.57,6.08,0.91,Yukon,Pens & Art Supplies,0.51
"Holmes Cool Mist Humidifier for the Whole House with 8-Gallon Output per Day, Extended Life Filter",Dan Campbell,10052,107.11,19.9,5.29,Yukon,Appliances,0.4
Cardinal Poly Pocket Divider Pockets for Ring Binders,Dan Campbell,10052,-216.15,3.36,6.27,Yukon,Binders and Binder Accessories,0.4
Fellowes 17-key keypad for PS/2 interface,Grant Thornton,10080,-26.83,30.73,4,Yukon,Computer Peripherals,0.75
GBC Standard Plastic Binding Systems Combs,Brian Stugart,10117,-6.96,8.85,5.6,Yukon,Binders and Binder Accessories,0.36
Canon PC940 Copier,Brian Stugart,10117,-266.62,449.99,24.49,Yukon,Copiers and Fax,0.52
Hand-Finished Solid Wood Document Frame,Evan Henry,10146,211.59,34.23,5.02,Yukon,Office Furnishings,0.55
"Bush Westfield Collection Bookcases, Dark Cherry Finish, Fully Assembled",Astrea Jones,10245,-1231.98,100.98,57.38,Yukon,Bookcases,0.78
g520,Grant Thornton,10277,542.25,65.99,5.26,Yukon,Telephones and Communication,0.59
"Master Caster Door Stop, Brown",Julia Barnett,10305,20.6,5.08,2.03,Yukon,Office Furnishings,0.51
Luxo Professional Fluorescent Magnifier Lamp with Clamp-Mount Base,Bradley Drucker,10339,3066.17,209.84,21.21,Yukon,Office Furnishings,0.59
Newell 336,Evan Henry,10466,16.21,4.28,0.94,Yukon,Pens & Art Supplies,0.56
Safco Industrial Wire Shelving,Yana Sorensen,10562,-335.06,95.99,35,Yukon,Storage & Organization,
Hoover Upright Vacuum With Dirt Cup,Julia Barnett,10563,2723.31,289.53,19.99,Yukon,Appliances,0.56
Xerox 207,Julia Barnett,10563,-90.42,6.48,5.4,Yukon,Paper,0.37
Hewlett-Packard 4.7GB DVD+R Discs,Joni Wasserman,10658,29.24,8.5,1.99,Yukon,Computer Peripherals,0.49
