"Eldon Base for stackable storage shelf, platinum",Muhammed MacIntyre,3,-213.25,38.94,35,Nunavut,Storage & Organization,0.8
Filing/Storage Totes and Swivel Casters,Roy Collins,130,-134.31,9.71,9.45,Saskachewan,Storage & Organization,0.6
"DAX Value U-Channel Document Frames, Easel Back",Toby Swindell,805,-119.86,4.97,5.71,Saskachewan,Office Furnishings,0.54
"Eldon Expressions Punched Metal & Wood Desk Accessories, Pewter & Cherry",Sarah Brown,2240,16.48,10.64,5.16,Saskachewan,Office Furnishings,0.57
"Boston Model 1800 Electric Pencil Sharpener, Gray",Sarah Brown,2240,-22.12,28.15,6.17,Saskachewan,Pens & Art Supplies,0.55
Large Capacity Hanging Post Binders,Sarah Brown,2241,369.33,24.95,2.99,Saskachewan,Binders and Binder Accessories,0.39
"Office Star - Contemporary Task Swivel chair with 2-way adjustable arms, Plum",Christina Anderson,4674,-260.41,130.98,30,Saskachewan,Chairs & Chairmats,0.78
"Adams Telephone Message Book W/Dividers/Space For Phone Numbers, 5 1/4""X8 1/2"", 300/Messages",Roy Collins,4737,49.77,5.88,3.04,Saskachewan,Paper,0.36
"Memorex 4.7GB DVD+RW, 3/Pack",Robert Dilbeck,5221,562.89,28.48,1.99,Saskachewan,Computer Peripherals,0.4
Nu-Dell Leatherette Frames,Randy Ferguson,5568,52.69,14.34,5,Saskachewan,Office Furnishings,0.49
Avery 514,Arianne Irving,6020,13.71,2.88,0.99,Saskachewan,Labels,0.36
BPI Conference Tables,Arianne Irving,6112,-533.69,146.05,80.2,Saskachewan,Tables,0.71
252,Arianne Irving,6112,382.39,65.99,5.92,Saskachewan,Telephones and Communication,0.55
"GE 4 Foot Flourescent Tube, 40 Watt",Randy Ferguson,6272,37.9,14.98,8.99,Saskachewan,Office Furnishings,0.39
Bevis 36 x 72 Conference Tables,Randy Ferguson,6272,-175.46,124.49,51.94,Saskachewan,Tables,0.63
Accessory28,Randy Ferguson,6272,-275.06,55.99,2.5,Saskachewan,Telephones and Communication,0.83
"Tenex 46"" x 60"" Computer Anti-Static Chairmat, Rectangular Shaped",Randy Ferguson,6272,875.45,105.98,13.99,Saskachewan,Office Furnishings,0.65
Xerox 215,Arianne Irving,6501,-95.79,6.48,6.74,Saskachewan,Paper,0.37
Timeport L7089,Arianne Irving,6501,978.35,125.99,7.69,Saskachewan,Telephones and Communication,0.58
Staples Metal Binder Clips,Cynthia Arntzen,6529,20.71,2.62,0.8,Saskachewan,Rubber Bands,0.39
8260,Andy Gerbode,7171,316.06,65.99,8.99,Saskachewan,Telephones and Communication,0.58
Accessory21,Andy Gerbode,7171,92.59,20.99,0.99,Saskachewan,Telephones and Communication,0.37
PC Concepts 116 Key Quantum 3000 Keyboard,Amy Hunt,7815,-125.96,32.98,5.5,Saskachewan,Computer Peripherals,0.75
"#10 White Business Envelopes,4 1/8 x 9 1/2",Amy Hunt,9921,155.82,15.67,1.39,Saskachewan,Envelopes,0.38
"Maxell 3.5"" DS/HD IBM-Formatted Diskettes, 10/Pack",Craig Molinari,10053,-109.86,4.89,4.93,Saskachewan,Computer Peripherals,0.66
"Iceberg OfficeWorks 42"" Round Tables",Craig Molinari,10053,-196.07,150.98,39.25,Saskachewan,Tables,0.75
Avery Legal 4-Ring Binder,Trudy Brown,10309,213.38,20.98,1.49,Saskachewan,Binders and Binder Accessories,0.35
Novimex Fabric Task Chair,Toby Swindell,10978,-209.6,60.98,30,Saskachewan,Chairs & Chairmats,0.7
"Advantus Employee of the Month Certificate Frame, 11 x 13-1/2",Amy Hunt,10979,285.35,30.93,3.92,Saskachewan,Office Furnishings,0.44
Xerox 191,Amy Hunt,10979,10.82,19.98,5.86,Saskachewan,Paper,0.38
Xerox 1994,Cynthia Arntzen,11108,-44,6.48,5.74,Saskachewan,Paper,0.37
Binder Posts,Toby Swindell,12067,-76.6,5.74,5.01,Saskachewan,Binders and Binder Accessories,0.39
"DAX Charcoal/Nickel-Tone Document Frame, 5 x 7",Toby Swindell,12067,4.29,9.48,3.72,Saskachewan,Office Furnishings,0.4
"GE 48"" Fluorescent Tube, Cool White Energy Saver, 34 Watts, 30/Box",Toby Swindell,12067,587.84,99.23,8.99,Saskachewan,Office Furnishings,0.35
"Rediform Wirebound ""Phone Memo"" Message Book, 11 x 5-3/4",Toby Swindell,12067,-17.24,7.64,5.83,Saskachewan,Paper,0.36
iDEN i95,Toby Swindell,12067,-289.81,65.99,19.99,Saskachewan,Telephones and Communication,0.59
Avery 497,Philip Fox,12804,28.47,3.08,0.5,Saskachewan,Labels,0.37
Assorted Color Push Pins,Philip Fox,12804,-4.17,1.81,0.75,Saskachewan,Rubber Bands,0.52
"Letter/Legal File Tote with Clear Snap-On Lid, Black Granite",Philip Fox,12804,-44.92,16.06,8.34,Saskachewan,Storage & Organization,0.59
Xerox 217,Cynthia Arntzen,13575,-65.67,6.48,8.19,Saskachewan,Paper,0.37
Xerox 1922,Randy Ferguson,13635,-119.48,4.98,7.44,Saskachewan,Paper,0.36
