"Eldon Base for stackable storage shelf, platinum",Muhammed MacIntyre,3,-213.25,38.94,35,Nunavut,Storage & Organization,0.8
"Lesro Sheffield Collection Coffee Table, End Table, Center Table, Corner Table",Michelle Tran,9248,-3074.27,71.37,69,Quebec,Tables,0.68
"Hoover Replacement Belts For Soft Guard� & Commercial Ltweight Upright Vacs, 2/Pk",Michelle Tran,9347,-107.98,3.95,5.13,Quebec,Appliances,0.59
Self-Adhesive Removable Labels,Greg Tran,9472,19.47,3.15,0.49,Quebec,Labels,0.37
Xerox 1947,Gene McClure,9733,-90.26,5.98,5.35,Quebec,Paper,0.4
Eldon Cleatmat Plus� Chair Mats for High Pile Carpets,Helen Wasserman,10054,148.25,79.52,48.2,Quebec,Office Furnishings,0.74
i600,Helen Wasserman,10054,-606.6,125.99,5.99,Quebec,Telephones and Communication,0.56
Hoover Commercial Soft Guard Upright Vacuum And Disposable Filtration Bags,Matt Collister,10627,-30.26,7.77,9.23,Quebec,Appliances,0.58
Westinghouse Clip-On Gooseneck Lamps,Helen Wasserman,10629,-255.65,8.37,10.16,Quebec,Office Furnishings,0.59
Xerox 1996,Helen Wasserman,10629,-76.54,6.48,9.17,Quebec,Paper,0.37
Strathmore Photo Mount Cards,Vivian Mathis,10784,-11.85,6.78,6.18,Quebec,Paper,0.39
Avery Self-Adhesive Photo Pockets for Polaroid Photos,Vivian Mathis,10784,-54.44,6.81,5.48,Quebec,Binders and Binder Accessories,0.37
Satellite Sectional Post Binders,Helen Wasserman,10823,-14.58,43.41,2.99,Quebec,Binders and Binder Accessories,0.39
Tennsco Industrial Shelving,Ross DeVincentis,10919,-1231.87,48.91,35,Quebec,Storage & Organization,0.83
GBC Imprintable Covers,Jason Klamczynski,11429,59.04,10.98,5.14,Quebec,Binders and Binder Accessories,0.36
Bretford CR8500 Series Meeting Room Furniture,Jason Klamczynski,11429,-969.05,400.98,42.52,Quebec,Tables,0.71
Sanford 52201 APSCO Electric Pencil Sharpener,Valerie Mitchum,11650,146.24,40.97,8.99,Quebec,Pens & Art Supplies,0.59
"Verbatim DVD-R, 3.95GB, SR, Mitsubishi Branded, Jewel",Dave Hallsten,12837,433.59,22.24,1.99,Quebec,Computer Peripherals,0.43
Durable Pressboard Binders,Vivek Gonzalez,13347,22.84,3.8,1.49,Quebec,Binders and Binder Accessories,0.38
"Bevis Round Bullnose 29"" High Table Top",Vivian Mathis,13381,-627.64,259.71,66.67,Quebec,Tables,0.65
"IBM Active Response Keyboard, Black",Bradley Nguyen,13634,104.51,39.98,7.12,Quebec,Computer Peripherals,0.67
Staples Brown Kraft Recycled Clasp Envelopes,Bradley Nguyen,13634,-55.61,5.58,5.3,Quebec,Envelopes,0.35
Safco Industrial Wire Shelving,Matt Collister,13729,-342.91,95.99,35,Quebec,Storage & Organization,
Bevis Round Conference Table Top & Single Column Base,Bradley Nguyen,13730,-354.13,146.34,43.75,Quebec,Tables,0.64
Bretford Rectangular Conference Table Tops,Helen Wasserman,14113,-774.14,376.13,85.63,Quebec,Tables,0.74
Verbatim 4.7GB DVD-R,Helen Wasserman,14210,213.2,33.29,1.99,Quebec,Computer Peripherals,0.41
Belkin 8 Outlet SurgeMaster II Gold Surge Protector with Phone Protection,Vivian Mathis,14272,575.1,80.98,4.5,Quebec,Appliances,0.59
T18,Jason Klamczynski,14401,-128.83,110.99,2.5,Quebec,Telephones and Communication,0.57
O'Sullivan 3-Shelf Heavy-Duty Bookcases,Michelle Tran,15941,-246.32,58.14,36.61,Quebec,Bookcases,0.61
Canon S750 Color Inkjet Printer,Valerie Mitchum,18023,1272.17,120.97,26.3,Quebec,Office Machines,0.38
HP Office Recycled Paper (20Lb. and 87 Bright),Valerie Mitchum,18023,-149.84,5.78,7.64,Quebec,Paper,0.36
Xerox 196,Bradley Nguyen,18341,-165.26,5.78,7.96,Quebec,Paper,0.36
"Fellowes Basic 104-Key Keyboard, Platinum",Ralph Arnett,18400,34.16,20.95,4,Quebec,Computer Peripherals,0.6
Lexmark Z54se Color Inkjet Printer,Barry Gonzalez,18950,1101.9,90.97,14,Quebec,Office Machines,0.36
"80 Minute Slim Jewel Case CD-R , 10/Pack - Staples",Bart Pistole,19111,10.79,8.33,1.99,Quebec,Computer Peripherals,0.52
Xerox 193,Helen Wasserman,19139,-26.66,5.98,5.15,Quebec,Paper,0.36
"Bevis Round Conference Table Top, X-Base",Barry Gonzalez,19332,-433.29,179.29,29.21,Quebec,Tables,0.74
"Advantus 10-Drawer Portable Organizer, Chrome Metal Frame, Smoke Drawers",Michelle Tran,20965,532.21,59.76,9.71,Quebec,Storage & Organization,0.57
T65,Michelle Tran,20965,-444.69,195.99,4.2,Quebec,Telephones and Communication,0.56
Belkin Premiere Surge Master II 8-outlet surge protector,Barry Gonzalez,21249,299.35,48.58,3.99,Quebec,Appliances,0.56
StarTAC 8000,Barry Gonzalez,21249,-523,205.99,8.99,Quebec,Telephones and Communication,0.6
