"Eldon Base for stackable storage shelf, platinum",Muhammed MacIntyre,3,-213.25,38.94,35,Nunavut,Storage & Organization,0.8
Xerox 4200 Series MultiUse Premium Copy Paper (20Lb. and 84 Bright),Russell Applegate,33255,-50.02,5.28,5.66,Ontario,Paper,0.4
Logitech Cordless Access Keyboard,Bill Donatelli,35104,-74.45,29.99,5.5,Ontario,Computer Peripherals,0.51
Luxo Economy Swing Arm Lamp,Bill Donatelli,35104,-44.21,19.94,14.87,Ontario,Office Furnishings,0.57
"DAX Contemporary Wood Frame with Silver Metal Mat, Desktop, 11 x 14 Size",Joel Jenkins,35142,89.29,20.24,6.67,Ontario,Office Furnishings,0.49
Filing/Storage Totes and Swivel Casters,Joel Jenkins,35584,-98.23,9.71,9.45,Ontario,Storage & Organization,0.6
HP Office Recycled Paper (20Lb. and 87 Bright),Brad Eason,35908,-160.21,5.78,7.64,Ontario,Paper,0.36
Portable Personal File Box,Brad Eason,35908,-30.27,12.21,4.81,Ontario,Storage & Organization,0.58
Avery Legal 4-Ring Binder,Brad Eason,36706,365.79,20.98,1.49,Ontario,Binders and Binder Accessories,0.35
14-7/8 x 11 Blue Bar Computer Printout Paper,Brad Eason,36706,-4.46,48.04,19.99,Ontario,Paper,0.37
Hon Multipurpose Stacking Arm Chairs,Bill Donatelli,37121,618.36,216.6,64.2,Ontario,Chairs & Chairmats,0.59
Accessory4,Russell Applegate,38528,-113.06,85.99,0.99,Ontario,Telephones and Communication,0.85
6000,Duane Benoit,38853,20,65.99,2.5,Ontario,Telephones and Communication,0.55
"Rediform Wirebound ""Phone Memo"" Message Book, 11 x 5-3/4",Jason Gross,39590,-13.25,7.64,5.83,Ontario,Paper,0.36
5180,Harold Pawlan,40707,211.09,65.99,8.99,Ontario,Telephones and Communication,0.56
Avery 520,Bill Donatelli,40961,5.88,3.15,0.5,Ontario,Labels,0.37
"Global Leather Task Chair, Black",Duane Benoit,41026,-281.76,89.99,42,Ontario,Chairs & Chairmats,0.66
Serrated Blade or Curved Handle Hand Letter Openers,Duane Benoit,41026,-33.11,3.14,1.92,Ontario,"Scissors, Rulers and Trimmers",0.84
Office Star - Mid Back Dual function Ergonomic High Back Chair with 2-Way Adjustable Arms,Bill Donatelli,41543,1385.35,160.98,30,Ontario,Chairs & Chairmats,0.62
StarTAC 7760,Bill Donatelli,41543,172.33,65.99,3.99,Ontario,Telephones and Communication,0.59
O'Sullivan Living Dimensions 3-Shelf Bookcases,Brad Eason,41606,-641.09,200.98,55.96,Ontario,Bookcases,0.75
Newell 333,Brad Eason,41606,-4.73,2.78,0.97,Ontario,Pens & Art Supplies,0.59
Xerox 23,Harold Pawlan,41926,-28.53,6.48,5.14,Ontario,Paper,0.37
"Multi-Use Personal File Cart and Caster Set, Three Stacking Bins",Harold Pawlan,41926,287.74,34.76,8.22,Ontario,Storage & Organization,0.57
Space Solutions Commercial Steel Shelving,Adam Bellavance,50533,-929.68,64.65,35,Ontario,Storage & Organization,0.8
Anderson Hickey Conga Table Tops & Accessories,Adam Bellavance,50533,-53.78,15.23,27.75,Ontario,Tables,0.76
Avery 52,Harold Pawlan,51747,-0.98,3.69,0.5,Ontario,Labels,0.38
Howard Miller 12-3/4 Diameter Accuwave DS � Wall Clock,Cari Sayre,53314,1049.02,78.69,19.99,Ontario,Office Furnishings,0.43
Bevis Rectangular Conference Tables,Cari Sayre,53314,-310.95,145.98,51.92,Ontario,Tables,0.69
Office Star - Task Chair with Contemporary Loop Arms,Lisa DeCherney,54791,135.68,90.98,30,Ontario,Chairs & Chairmats,0.61
"Wirebound Message Books, 5-1/2 x 4 Forms, 2 or 4 Forms per Page",Harold Pawlan,54912,10.31,6.69,3.1,Ontario,Paper,0.36
Xerox 197,Adam Bellavance,55269,-41.82,30.98,17.08,Ontario,Paper,0.4
Holmes Odor Grabber,Bill Donatelli,56101,-7.22,14.42,6.75,Ontario,Appliances,0.52
GBC Therma-A-Bind 250T Electric Binding System,Bill Donatelli,56101,1886.41,122.99,19.99,Ontario,Binders and Binder Accessories,0.37
"O'Sullivan Elevations Bookcase, Cherry Finish",Harold Pawlan,56582,-904.73,130.98,54.74,Ontario,Bookcases,0.69
Aluminum Document Frame,Roy Skaria,56677,120.01,12.22,2.85,Ontario,Office Furnishings,0.55
"Wirebound Message Books, 2 7/8"" x 5"", 3 Forms per Page",Joel Jenkins,58725,37.33,7.04,2.17,Ontario,Paper,0.38
"Pressboard Covers with Storage Hooks, 9 1/2"" x 11"", Light Blue",Bill Donatelli,59683,-82.09,4.91,4.97,Ontario,Binders and Binder Accessories,0.38
Avery Hi-Liter� Smear-Safe Highlighters,Sean O'Donnell,837,13.41,5.84,0.83,Ontario,Pens & Art Supplies,0.49
Wilson Jones 14 Line Acrylic Coated Pressboard Data Binders,Sean O'Donnell,1059,5.3,5.34,2.99,Ontario,Binders and Binder Accessories,0.38
"Wilson Jones Ledger-Size, Piano-Hinge Binder, 2"", Blue",Sean O'Donnell,1059,310.22,40.98,7.47,Ontario,Binders and Binder Accessories,0.37
